asset_id,asset_type,tower_type,state,age_years,solar_irradiance,diesel_litres_day,annual_diesel_cost_ngn,solar_capex_ngn,annual_solar_saving_ngn,payback_years,co2_annual_kg
TWR-0001,Cell Tower,Macro,Kaduna,2,6.0,44.9,19678100.0,5162757.0,15276549.0,0.3,43948.0
TWR-0002,Cell Tower,Macro,Rivers,9,4.6,43.3,18980436.0,4399827.0,13775426.0,0.3,42390.0
TWR-0003,Cell Tower,Macro,Sokoto,8,6.8,40.2,17600493.0,7883618.0,13773305.0,0.6,39308.0
TWR-0004,Cell Tower,Micro,Ogun,13,4.9,23.7,10382159.0,4610175.0,8933546.0,0.5,23187.0
TWR-0005,Cell Tower,Micro,Borno,12,6.5,19.6,8576876.0,6971454.0,6825598.0,1.0,19155.0
TWR-0006,Cell Tower,Micro,Enugu,10,5.2,21.4,9372159.0,8682246.0,6594252.0,1.3,20931.0
TWR-0007,Cell Tower,Small Cell,Sokoto,7,6.8,10.9,4757084.0,8380526.0,3730928.0,2.2,10624.0
TWR-0008,Cell Tower,Micro,Oyo,9,5.1,15.7,6896024.0,5388763.0,4864697.0,1.1,15401.0
TWR-0009,Cell Tower,Small Cell,Kaduna,4,6.0,5.0,2190000.0,8257243.0,1956215.0,4.2,4891.0
TWR-0010,Cell Tower,Micro,Imo,13,4.9,21.1,9242144.0,4001663.0,6705090.0,0.6,20641.0
TWR-0011,Cell Tower,Micro,Kano,4,6.2,23.4,10233296.0,4088439.0,8611704.0,0.5,22854.0
TWR-0012,Cell Tower,Macro,Kaduna,1,6.0,47.2,20687666.0,7012766.0,18506261.0,0.4,46202.0
TWR-0013,Cell Tower,Macro,Borno,8,6.5,40.2,17619013.0,5823991.0,15244107.0,0.4,39349.0
TWR-0014,Cell Tower,Micro,Borno,14,6.5,23.9,10472534.0,5932304.0,8795494.0,0.7,23389.0
TWR-0015,Cell Tower,Macro,Enugu,14,5.2,44.3,19387979.0,6822205.0,16826675.0,0.4,43300.0
TWR-0016,Cell Tower,Macro,Oyo,12,5.1,42.4,18549531.0,4958912.0,16627053.0,0.3,41427.0
TWR-0017,Cell Tower,Small Cell,Rivers,3,4.6,8.1,3527803.0,5058777.0,2907858.0,1.7,7879.0
TWR-0018,Cell Tower,Macro,Enugu,7,5.2,47.4,20763641.0,6423008.0,16856691.0,0.4,46372.0
TWR-0019,Cell Tower,Macro,Enugu,12,5.2,45.8,20070044.0,7771268.0,16570784.0,0.5,44823.0
TWR-0020,Cell Tower,Micro,Kano,2,6.2,22.2,9702103.0,7097489.0,7825087.0,0.9,21668.0
TWR-0021,Cell Tower,Micro,Delta,2,4.7,22.7,9955953.0,5486775.0,8233751.0,0.7,22235.0
TWR-0022,Cell Tower,Macro,Oyo,7,5.1,47.8,20929520.0,6151686.0,16533661.0,0.4,46743.0
TWR-0023,Cell Tower,Micro,Abuja,6,5.5,21.7,9508411.0,4853324.0,7071297.0,0.7,21235.0
TWR-0024,Cell Tower,Micro,Enugu,3,5.2,22.2,9707375.0,4373149.0,7028619.0,0.6,21680.0
TWR-0025,Cell Tower,Macro,Katsina,9,6.3,48.4,21205556.0,7913480.0,15133731.0,0.5,47359.0
TWR-0026,Cell Tower,Macro,Kwara,10,5.4,44.0,19274295.0,5326937.0,14507052.0,0.4,43046.0
TWR-0027,Cell Tower,Micro,Delta,14,4.7,23.9,10448237.0,4888832.0,7410148.0,0.7,23334.0
TWR-0028,Cell Tower,Macro,Abuja,13,5.5,43.5,19048132.0,7458090.0,15494401.0,0.5,42541.0
TWR-0029,Cell Tower,Macro,Katsina,6,6.3,43.8,19163550.0,7090258.0,14502317.0,0.5,42799.0
TWR-0030,Cell Tower,Macro,Oyo,10,5.1,44.7,19573279.0,7165948.0,16929065.0,0.4,43714.0
TWR-0031,Cell Tower,Macro,Lagos,10,4.8,46.5,20387069.0,5144473.0,14573659.0,0.4,45531.0
TWR-0032,Cell Tower,Macro,Katsina,6,6.3,48.6,21279155.0,5163228.0,15858722.0,0.3,47523.0
TWR-0033,Cell Tower,Macro,Imo,1,4.9,45.3,19836860.0,5104013.0,16782961.0,0.3,44302.0
TWR-0034,Cell Tower,Macro,Delta,4,4.7,40.5,17739214.0,4868763.0,14541928.0,0.3,39618.0
TWR-0035,Cell Tower,Macro,Sokoto,10,6.8,46.9,20539720.0,7278618.0,14642731.0,0.5,45872.0
TWR-0036,Cell Tower,Micro,Katsina,6,6.3,29.4,12860349.0,8240079.0,11258565.0,0.7,28721.0
TWR-0037,Cell Tower,Macro,Anambra,6,5.0,45.3,19852791.0,7621587.0,17380172.0,0.4,44338.0
TWR-0038,Cell Tower,Micro,Lagos,11,4.8,16.9,7390679.0,7960468.0,5661863.0,1.4,16506.0
TWR-0039,Cell Tower,Macro,Borno,12,6.5,45.5,19932924.0,6023992.0,15310103.0,0.4,44517.0
TWR-0040,Cell Tower,Micro,Borno,5,6.5,22.0,9632041.0,7270379.0,8647701.0,0.8,21512.0
TWR-0041,Cell Tower,Macro,Ogun,1,4.9,44.7,19595539.0,5771181.0,16170929.0,0.4,43763.0
TWR-0042,Cell Tower,Small Cell,Imo,8,4.9,12.8,5622269.0,6627523.0,4533029.0,1.5,12556.0
TWR-0043,Cell Tower,Micro,Katsina,5,6.3,26.1,11447053.0,6408174.0,9931812.0,0.6,25565.0
TWR-0044,Cell Tower,Macro,Katsina,12,6.3,47.1,20608232.0,4884436.0,15601628.0,0.3,46025.0
TWR-0045,Cell Tower,Micro,Ogun,12,4.9,21.6,9461162.0,5935394.0,7434926.0,0.8,21130.0
TWR-0046,Cell Tower,Macro,Kwara,12,5.4,48.4,21189142.0,8819111.0,15967191.0,0.6,47322.0
TWR-0047,Cell Tower,Macro,Kwara,5,5.4,40.5,17747108.0,5242901.0,15224040.0,0.3,39635.0
TWR-0048,Cell Tower,Macro,Ogun,7,4.9,42.9,18769102.0,4669019.0,15290622.0,0.3,41918.0
TWR-0049,Cell Tower,Macro,Kwara,4,5.4,43.2,18915519.0,6092903.0,15733267.0,0.4,42245.0
TWR-0050,Cell Tower,Macro,Kano,6,6.2,44.9,19669331.0,7951689.0,14761075.0,0.5,43928.0
TWR-0051,Cell Tower,Macro,Katsina,13,6.3,46.5,20375849.0,6910741.0,15160550.0,0.5,45506.0
TWR-0052,Cell Tower,Micro,Kaduna,4,6.0,21.4,9372263.0,7404874.0,7476019.0,1.0,20931.0
TWR-0053,Cell Tower,Macro,Rivers,14,4.6,42.3,18519469.0,4948474.0,15695493.0,0.3,41360.0
TWR-0054,Cell Tower,Macro,Anambra,3,5.0,47.9,20990953.0,7094741.0,16898724.0,0.4,46880.0
TWR-0055,Cell Tower,Macro,Kano,7,6.2,44.3,19400610.0,5617502.0,13707096.0,0.4,43328.0
TWR-0056,Cell Tower,Macro,Oyo,8,5.1,45.3,19844197.0,8171517.0,17338080.0,0.5,44319.0
TWR-0057,Cell Tower,Macro,Kano,4,6.2,46.7,20434103.0,7146494.0,14568236.0,0.5,45636.0
TWR-0058,Cell Tower,Micro,Kaduna,13,6.0,22.1,9687085.0,4994281.0,8632790.0,0.6,21634.0
TWR-0059,Cell Tower,Macro,Oyo,2,5.1,45.1,19766859.0,4323083.0,13936197.0,0.3,44146.0
TWR-0060,Cell Tower,Macro,Anambra,12,5.0,48.1,21064042.0,4213166.0,17670416.0,0.2,47043.0
TWR-0061,Cell Tower,Macro,Kaduna,10,6.0,45.5,19908899.0,5857043.0,14263560.0,0.4,44463.0
TWR-0062,Cell Tower,Macro,Abuja,14,5.5,47.6,20843715.0,5329256.0,18386977.0,0.3,46551.0
TWR-0063,Cell Tower,Micro,Rivers,3,4.6,23.6,10351693.0,7230451.0,8207719.0,0.9,23119.0
TWR-0064,Cell Tower,Macro,Anambra,1,5.0,51.1,22360190.0,6496669.0,16267145.0,0.4,49938.0
TWR-0065,Cell Tower,Macro,Katsina,8,6.3,46.2,20247969.0,5330096.0,15553744.0,0.3,45220.0
TWR-0066,Cell Tower,Small Cell,Kwara,3,5.4,11.9,5218297.0,4746189.0,3824829.0,1.2,11654.0
TWR-0067,Cell Tower,Macro,Abuja,12,5.5,48.3,21157577.0,4635999.0,15532124.0,0.3,47252.0
TWR-0068,Cell Tower,Small Cell,Imo,10,4.9,10.2,4463594.0,8323302.0,3970910.0,2.1,9969.0
TWR-0069,Cell Tower,Macro,Anambra,7,5.0,43.1,18871861.0,5217390.0,14890827.0,0.4,42147.0
TWR-0070,Cell Tower,Micro,Imo,10,4.9,20.6,9012973.0,7258553.0,7730972.0,0.9,20129.0
TWR-0071,Cell Tower,Macro,Oyo,5,5.1,43.6,19099638.0,8053430.0,15812993.0,0.5,42656.0
TWR-0072,Cell Tower,Micro,Abuja,10,5.5,19.1,8387265.0,7070407.0,7005759.0,1.0,18732.0
TWR-0073,Cell Tower,Macro,Rivers,5,4.6,46.0,20127596.0,8297826.0,14619452.0,0.6,44952.0
TWR-0074,Cell Tower,Macro,Katsina,14,6.3,43.1,18882815.0,5961969.0,14102383.0,0.4,42172.0
TWR-0075,Cell Tower,Macro,Ogun,7,4.9,45.6,19966037.0,8781111.0,17117883.0,0.5,44591.0
TWR-0076,Cell Tower,Micro,Katsina,9,6.3,21.5,9427502.0,4665725.0,8429631.0,0.6,21055.0
TWR-0077,Cell Tower,Micro,Kaduna,12,6.0,21.9,9581309.0,4510748.0,7210272.0,0.6,21398.0
TWR-0078,Cell Tower,Micro,Katsina,5,6.3,23.7,10366658.0,7293461.0,7819713.0,0.9,23152.0
TWR-0079,Cell Tower,Macro,Sokoto,1,6.8,43.4,18997945.0,8714156.0,15095376.0,0.6,42429.0
TWR-0080,Cell Tower,Micro,Enugu,10,5.2,23.9,10475503.0,8044417.0,9394096.0,0.9,23395.0
TWR-0081,Cell Tower,Macro,Ogun,10,4.9,49.7,21769443.0,4382084.0,16409627.0,0.3,48618.0
TWR-0082,Cell Tower,Macro,Kano,1,6.2,46.0,20160845.0,5396839.0,15753571.0,0.3,45026.0
TWR-0083,Cell Tower,Macro,Kwara,2,5.4,42.7,18682326.0,8651594.0,16408612.0,0.5,41724.0
TWR-0084,Cell Tower,Micro,Lagos,14,4.8,20.2,8827866.0,5265292.0,6184664.0,0.9,19716.0
TWR-0085,Cell Tower,Macro,Rivers,6,4.6,44.3,19383783.0,7905852.0,13722811.0,0.6,43290.0
TWR-0086,Cell Tower,Macro,Abuja,9,5.5,43.2,18928314.0,8125661.0,15536632.0,0.5,42273.0
TWR-0087,Cell Tower,Micro,Enugu,8,5.2,19.0,8333589.0,6477261.0,7345859.0,0.9,18612.0
TWR-0088,Cell Tower,Macro,Rivers,13,4.6,45.5,19912891.0,5931745.0,14890289.0,0.4,44472.0
TWR-0089,Cell Tower,Macro,Abuja,5,5.5,44.3,19419347.0,6250622.0,15417570.0,0.4,43370.0
TWR-0090,Cell Tower,Macro,Kwara,1,5.4,45.6,19959293.0,5134823.0,15769699.0,0.3,44576.0
TWR-0091,Cell Tower,Macro,Delta,13,4.7,48.6,21268913.0,8446955.0,16900156.0,0.5,47501.0
TWR-0092,Cell Tower,Macro,Delta,7,4.7,44.3,19399432.0,6253098.0,15994908.0,0.4,43325.0
TWR-0093,Cell Tower,Macro,Imo,5,4.9,41.4,18152358.0,8412297.0,14412042.0,0.6,40540.0
TWR-0094,Cell Tower,Micro,Rivers,6,4.6,20.8,9111855.0,4528467.0,7193752.0,0.6,20350.0
TWR-0095,Cell Tower,Macro,Delta,13,4.7,47.3,20722339.0,8941376.0,16471310.0,0.5,46280.0
TWR-0096,Cell Tower,Macro,Sokoto,7,6.8,47.0,20599276.0,6216365.0,16853782.0,0.4,46005.0
TWR-0097,Cell Tower,Micro,Ogun,3,4.9,23.6,10317492.0,4239154.0,8330359.0,0.5,23042.0
TWR-0098,Cell Tower,Macro,Abuja,12,5.5,43.1,18889135.0,4190109.0,16449173.0,0.3,42186.0
TWR-0099,Cell Tower,Macro,Imo,10,4.9,47.3,20698000.0,7731036.0,14693497.0,0.5,46226.0
TWR-0100,Cell Tower,Macro,Katsina,3,6.3,47.9,20993645.0,7295178.0,18194424.0,0.4,46886.0
TWR-0101,Cell Tower,Macro,Abuja,5,5.5,42.9,18796216.0,8010653.0,16329869.0,0.5,41978.0
TWR-0102,Cell Tower,Macro,Imo,6,4.9,44.9,19655377.0,4526838.0,14878759.0,0.3,43897.0
TWR-0103,Cell Tower,Micro,Kwara,9,5.4,28.1,12290808.0,4177854.0,9741331.0,0.4,27449.0
TWR-0104,Cell Tower,Micro,Rivers,13,4.6,19.8,8663805.0,6542896.0,6824546.0,1.0,19349.0
TWR-0105,Cell Tower,Macro,Kwara,14,5.4,39.9,17469516.0,5937976.0,12992113.0,0.5,39015.0
TWR-0106,Cell Tower,Macro,Ogun,12,4.9,49.1,21527136.0,6309735.0,16777375.0,0.4,48077.0
TWR-0107,Cell Tower,Macro,Ogun,5,4.9,48.4,21203499.0,8957942.0,15030684.0,0.6,47354.0
TWR-0108,Cell Tower,Small Cell,Enugu,1,5.2,8.6,3779545.0,8853750.0,2855690.0,3.1,8441.0
TWR-0109,Cell Tower,Macro,Kwara,14,5.4,44.7,19561529.0,8711577.0,16888181.0,0.5,43687.0
TWR-0110,Cell Tower,Macro,Kaduna,14,6.0,41.3,18100435.0,7919213.0,13700445.0,0.6,40424.0
TWR-0111,Cell Tower,Macro,Katsina,14,6.3,45.3,19826883.0,5774207.0,17123316.0,0.3,44280.0
TWR-0112,Cell Tower,Macro,Anambra,4,5.0,48.5,21242011.0,6060655.0,17127856.0,0.4,47440.0
TWR-0113,Cell Tower,Micro,Kwara,5,5.4,20.4,8923017.0,6748080.0,7816318.0,0.9,19928.0
TWR-0114,Cell Tower,Macro,Enugu,12,5.2,47.6,20862512.0,8152672.0,17002027.0,0.5,46593.0
TWR-0115,Cell Tower,Micro,Oyo,10,5.1,23.4,10245333.0,4343564.0,7232525.0,0.6,22881.0
TWR-0116,Cell Tower,Macro,Sokoto,10,6.8,46.7,20469251.0,6121484.0,17093545.0,0.4,45715.0
TWR-0117,Cell Tower,Micro,Abuja,5,5.5,20.5,8999618.0,4413088.0,6380465.0,0.7,20099.0
TWR-0118,Cell Tower,Macro,Ogun,7,4.9,43.9,19244024.0,6573288.0,15205077.0,0.4,42978.0
TWR-0119,Cell Tower,Macro,Oyo,4,5.1,39.5,17283341.0,8494504.0,15311058.0,0.6,38599.0
TWR-0120,Cell Tower,Micro,Enugu,1,5.2,20.3,8891396.0,7912425.0,6517756.0,1.2,19857.0
TWR-0121,Cell Tower,Small Cell,Imo,14,4.9,13.5,5908820.0,5139212.0,4596911.0,1.1,13196.0
TWR-0122,Cell Tower,Micro,Anambra,14,5.0,19.2,8414857.0,8879954.0,7118734.0,1.2,18793.0
TWR-0123,Cell Tower,Macro,Katsina,5,6.3,42.7,18684684.0,7336752.0,16376223.0,0.4,41729.0
TWR-0124,Cell Tower,Small Cell,Katsina,7,6.3,11.9,5221209.0,4052138.0,4355473.0,0.9,11661.0
TWR-0125,Cell Tower,Macro,Katsina,10,6.3,46.2,20239238.0,5277067.0,15212512.0,0.3,45201.0
TWR-0126,Cell Tower,Small Cell,Sokoto,10,6.8,12.1,5286480.0,5303566.0,4413796.0,1.2,11806.0
TWR-0127,Cell Tower,Macro,Anambra,6,5.0,41.5,18181528.0,4346272.0,13806062.0,0.3,40605.0
TWR-0128,Cell Tower,Micro,Sokoto,5,6.8,29.7,13005172.0,8799133.0,10972280.0,0.8,29045.0
TWR-0129,Cell Tower,Micro,Ogun,4,4.9,18.4,8038500.0,6391276.0,7160749.0,0.9,17953.0
TWR-0130,Cell Tower,Micro,Sokoto,2,6.8,22.5,9838681.0,8479073.0,8306589.0,1.0,21973.0
TWR-0131,Cell Tower,Macro,Lagos,4,4.8,44.5,19501527.0,5611078.0,17016566.0,0.3,43553.0
TWR-0132,Cell Tower,Macro,Anambra,10,5.0,41.4,18150753.0,4626168.0,12713164.0,0.4,40537.0
TWR-0133,Cell Tower,Micro,Kaduna,10,6.0,20.9,9149545.0,6371681.0,7717773.0,0.8,20434.0
TWR-0134,Cell Tower,Macro,Anambra,3,5.0,45.1,19740626.0,4569783.0,17093754.0,0.3,44087.0
TWR-0135,Cell Tower,Small Cell,Enugu,10,5.2,8.1,3525935.0,6430078.0,2496756.0,2.6,7875.0
TWR-0136,Cell Tower,Micro,Lagos,1,4.8,24.8,10867512.0,8601486.0,9501678.0,0.9,24271.0
TWR-0137,Cell Tower,Macro,Katsina,8,6.3,44.5,19497624.0,6603841.0,14649322.0,0.5,43545.0
TWR-0138,Cell Tower,Micro,Enugu,5,5.2,18.0,7873565.0,7082499.0,6559140.0,1.1,17584.0
TWR-0139,Cell Tower,Macro,Enugu,13,5.2,40.7,17836071.0,4783192.0,15340287.0,0.3,39834.0
TWR-0140,Cell Tower,Micro,Ogun,4,4.9,23.8,10432501.0,4218678.0,8685400.0,0.5,23299.0
TWR-0141,Cell Tower,Micro,Borno,8,6.5,17.5,7682383.0,4554040.0,5519462.0,0.8,17157.0
TWR-0142,Cell Tower,Macro,Kano,7,6.2,45.9,20125784.0,6992658.0,16488336.0,0.4,44948.0
TWR-0143,Cell Tower,Macro,Lagos,2,4.8,46.3,20294277.0,4475058.0,16436674.0,0.3,45324.0
TWR-0144,Cell Tower,Small Cell,Enugu,1,5.2,7.0,3072103.0,5879964.0,2703648.0,2.2,6861.0
TWR-0145,Cell Tower,Macro,Kano,12,6.2,47.7,20880430.0,6750460.0,16304441.0,0.4,46633.0
TWR-0146,Cell Tower,Macro,Kano,11,6.2,39.8,17452819.0,5943264.0,13337727.0,0.4,38978.0
TWR-0147,Cell Tower,Macro,Lagos,4,4.8,45.9,20099547.0,4818419.0,17084015.0,0.3,44889.0
TWR-0148,Cell Tower,Macro,Borno,8,6.5,44.9,19656313.0,5368957.0,15381754.0,0.3,43899.0
TWR-0149,Cell Tower,Macro,Oyo,12,5.1,44.6,19553637.0,8641588.0,16214252.0,0.5,43670.0
TWR-0150,Cell Tower,Macro,Imo,2,4.9,41.5,18162244.0,7379911.0,15061767.0,0.5,40562.0
TWR-0151,Cell Tower,Macro,Kaduna,3,6.0,42.2,18478753.0,6480239.0,16217098.0,0.4,41269.0
TWR-0152,Cell Tower,Micro,Imo,12,4.9,26.9,11763106.0,4063574.0,9642671.0,0.4,26271.0
TWR-0153,Cell Tower,Macro,Anambra,1,5.0,48.6,21306714.0,8962077.0,17054548.0,0.5,47585.0
TWR-0154,Cell Tower,Macro,Katsina,1,6.3,47.2,20685099.0,7357275.0,15054083.0,0.5,46197.0
TWR-0155,Cell Tower,Macro,Kaduna,13,6.0,47.8,20944960.0,5584612.0,15146296.0,0.4,46777.0
TWR-0156,Cell Tower,Macro,Anambra,3,5.0,47.5,20821662.0,8396343.0,15217810.0,0.6,46502.0
TWR-0157,Cell Tower,Macro,Enugu,11,5.2,44.0,19285110.0,5292158.0,14162400.0,0.4,43070.0
TWR-0158,Cell Tower,Micro,Katsina,5,6.3,22.1,9698551.0,6720083.0,8026282.0,0.8,21660.0
TWR-0159,Cell Tower,Micro,Abuja,12,5.5,17.6,7701124.0,7180354.0,6532064.0,1.1,17199.0
TWR-0160,Cell Tower,Macro,Lagos,3,4.8,44.7,19592140.0,5105317.0,15791232.0,0.3,43756.0
TWR-0161,Cell Tower,Micro,Kaduna,1,6.0,25.6,11191006.0,8891986.0,9689213.0,0.9,24993.0
TWR-0162,Cell Tower,Micro,Kaduna,1,6.0,20.0,8767831.0,7740960.0,7875727.0,1.0,19581.0
TWR-0163,Cell Tower,Macro,Kwara,8,5.4,48.1,21054408.0,6789066.0,18191061.0,0.4,47022.0
TWR-0164,Cell Tower,Small Cell,Enugu,10,5.2,10.3,4500344.0,4902973.0,3775682.0,1.3,10051.0
TWR-0165,Cell Tower,Small Cell,Oyo,11,5.1,5.8,2559621.0,4269291.0,2064331.0,2.1,5716.0
TWR-0166,Cell Tower,Macro,Kano,12,6.2,41.7,18254982.0,5600299.0,14417248.0,0.4,40769.0
TWR-0167,Cell Tower,Macro,Katsina,13,6.3,47.8,20917964.0,7765937.0,14995638.0,0.5,46717.0
TWR-0168,Cell Tower,Small Cell,Enugu,13,5.2,11.7,5106017.0,5346656.0,3982048.0,1.3,11403.0
TWR-0169,Cell Tower,Micro,Delta,12,4.7,22.3,9769718.0,6697781.0,8617154.0,0.8,21819.0
TWR-0170,Cell Tower,Macro,Borno,14,6.5,44.2,19349922.0,7639736.0,16671981.0,0.5,43215.0
TWR-0171,Cell Tower,Micro,Kano,2,6.2,22.6,9912686.0,4539719.0,7367210.0,0.6,22138.0
TWR-0172,Cell Tower,Micro,Lagos,13,4.8,24.6,10792709.0,7426490.0,8562089.0,0.9,24104.0
TWR-0173,Cell Tower,Micro,Kano,3,6.2,26.4,11575271.0,4459354.0,9993448.0,0.4,25851.0
TWR-0174,Cell Tower,Micro,Oyo,2,5.1,26.6,11638121.0,8825649.0,8303531.0,1.1,25992.0
TWR-0175,Cell Tower,Micro,Ogun,3,4.9,23.1,10124755.0,6441971.0,7871780.0,0.8,22612.0
TWR-0176,Cell Tower,Macro,Kwara,7,5.4,44.5,19484082.0,4753381.0,16958326.0,0.3,43514.0
TWR-0177,Cell Tower,Macro,Kano,1,6.2,45.4,19902170.0,5711918.0,15539208.0,0.4,44448.0
TWR-0178,Cell Tower,Micro,Lagos,10,4.8,23.6,10322066.0,6067082.0,7385675.0,0.8,23053.0
TWR-0179,Cell Tower,Small Cell,Oyo,8,5.1,11.6,5060740.0,7790925.0,4091643.0,1.9,11302.0
TWR-0180,Cell Tower,Macro,Imo,13,4.9,48.9,21428694.0,7717119.0,18693289.0,0.4,47857.0
TWR-0181,Cell Tower,Macro,Kaduna,10,6.0,51.3,22490103.0,7059703.0,18398189.0,0.4,50228.0
TWR-0182,Cell Tower,Micro,Ogun,10,4.9,21.4,9366295.0,4529654.0,6980286.0,0.6,20918.0
TWR-0183,Cell Tower,Macro,Kwara,10,5.4,51.5,22542833.0,4757847.0,17512353.0,0.3,50346.0
TWR-0184,Cell Tower,Micro,Kaduna,14,6.0,25.5,11176322.0,4468785.0,8829570.0,0.5,24960.0
TWR-0185,Cell Tower,Micro,Borno,2,6.5,21.7,9503519.0,6885864.0,7753477.0,0.9,21225.0
TWR-0186,Cell Tower,Micro,Anambra,3,5.0,26.5,11605114.0,8385692.0,9886051.0,0.8,25918.0
TWR-0187,Cell Tower,Macro,Ogun,9,4.9,50.1,21924942.0,6169003.0,15781019.0,0.4,48966.0
TWR-0188,Cell Tower,Macro,Ogun,7,4.9,43.6,19105172.0,4804241.0,16773011.0,0.3,42668.0
TWR-0189,Cell Tower,Macro,Imo,4,4.9,50.2,21986131.0,6790212.0,15444420.0,0.4,49102.0
TWR-0190,Cell Tower,Macro,Imo,10,4.9,48.2,21122659.0,8058761.0,16349159.0,0.5,47174.0
TWR-0191,Cell Tower,Macro,Katsina,5,6.3,52.1,22822287.0,7708560.0,16100760.0,0.5,50970.0
TWR-0192,Cell Tower,Macro,Sokoto,2,6.8,43.7,19152813.0,8407254.0,14912282.0,0.6,42775.0
TWR-0193,Cell Tower,Macro,Kano,13,6.2,43.9,19245597.0,5389510.0,15495834.0,0.3,42982.0
TWR-0194,Cell Tower,Macro,Ogun,11,4.9,38.9,17046966.0,4969769.0,13677399.0,0.4,38072.0
TWR-0195,Cell Tower,Macro,Kaduna,13,6.0,46.7,20460549.0,8399082.0,15000154.0,0.6,45695.0
TWR-0196,Cell Tower,Macro,Lagos,8,4.8,46.1,20203080.0,7287802.0,16751346.0,0.4,45120.0
TWR-0197,Cell Tower,Macro,Rivers,4,4.6,43.3,18970226.0,5554645.0,13449050.0,0.4,42367.0
TWR-0198,Cell Tower,Micro,Sokoto,9,6.8,21.8,9528448.0,7711740.0,8121872.0,0.9,21280.0
TWR-0199,Cell Tower,Micro,Rivers,5,4.6,18.1,7913056.0,8075592.0,7037309.0,1.1,17672.0
TWR-0200,Cell Tower,Macro,Kwara,13,5.4,48.6,21284757.0,7074891.0,16345709.0,0.4,47536.0
TWR-0201,Cell Tower,Micro,Oyo,9,5.1,20.5,8992535.0,7439421.0,7225033.0,1.0,20083.0
TWR-0202,Cell Tower,Macro,Kaduna,4,6.0,54.3,23775580.0,5876300.0,18444669.0,0.3,53099.0
TWR-0203,Cell Tower,Micro,Kaduna,10,6.0,21.5,9405260.0,6693478.0,6596305.0,1.0,21005.0
TWR-0204,Cell Tower,Macro,Sokoto,5,6.8,42.7,18711861.0,6620796.0,14542389.0,0.5,41790.0
TWR-0205,Cell Tower,Small Cell,Ogun,9,4.9,8.8,3838221.0,8240239.0,3294514.0,2.5,8572.0
TWR-0206,Cell Tower,Micro,Borno,8,6.5,17.8,7780683.0,8199820.0,6373918.0,1.3,17377.0
TWR-0207,Cell Tower,Micro,Sokoto,3,6.8,23.4,10269705.0,8163402.0,7396776.0,1.1,22936.0
TWR-0208,Cell Tower,Micro,Rivers,1,4.6,20.7,9084252.0,4055158.0,7898102.0,0.5,20288.0
TWR-0209,Cell Tower,Macro,Sokoto,3,6.8,48.4,21196466.0,7747727.0,17088953.0,0.5,47339.0
TWR-0210,Cell Tower,Macro,Kaduna,4,6.0,44.2,19348982.0,7793382.0,16801585.0,0.5,43213.0
TWR-0211,Cell Tower,Micro,Borno,2,6.5,26.2,11455157.0,7391894.0,9347916.0,0.8,25583.0
TWR-0212,Cell Tower,Macro,Kano,1,6.2,47.3,20705297.0,7781323.0,16811411.0,0.5,46242.0
TWR-0213,Cell Tower,Micro,Delta,7,4.7,22.1,9673576.0,8209852.0,6975150.0,1.2,21604.0
TWR-0214,Cell Tower,Macro,Katsina,8,6.3,49.7,21786426.0,6351595.0,15979732.0,0.4,48656.0
TWR-0215,Cell Tower,Macro,Abuja,7,5.5,47.9,20961314.0,6510251.0,18747905.0,0.3,46814.0
TWR-0216,Cell Tower,Macro,Imo,14,4.9,53.8,23581324.0,4623570.0,17584531.0,0.3,52665.0
TWR-0217,Cell Tower,Macro,Sokoto,5,6.8,43.8,19171976.0,5926879.0,17168321.0,0.3,42817.0
TWR-0218,Cell Tower,Micro,Kwara,12,5.4,22.2,9736674.0,7216826.0,7851484.0,0.9,21745.0
TWR-0219,Cell Tower,Macro,Anambra,1,5.0,49.7,21771284.0,7901999.0,15831159.0,0.5,48623.0
TWR-0220,Cell Tower,Macro,Oyo,7,5.1,40.4,17681791.0,5086045.0,12728422.0,0.4,39489.0
TWR-0221,Cell Tower,Macro,Delta,13,4.7,49.0,21440464.0,4689114.0,15903953.0,0.3,47884.0
TWR-0222,Cell Tower,Macro,Katsina,7,6.3,46.3,20287244.0,7315210.0,17956797.0,0.4,45308.0
TWR-0223,Cell Tower,Micro,Katsina,9,6.3,19.3,8468891.0,4009399.0,6629702.0,0.6,18914.0
TWR-0224,Cell Tower,Macro,Katsina,3,6.3,40.9,17918966.0,4891863.0,13960431.0,0.4,40019.0
TWR-0225,Cell Tower,Macro,Katsina,9,6.3,43.0,18826349.0,4145357.0,14357750.0,0.3,42046.0
TWR-0226,Cell Tower,Macro,Rivers,14,4.6,38.1,16707747.0,4834426.0,12186837.0,0.4,37314.0
TWR-0227,Cell Tower,Micro,Kwara,1,5.4,20.5,8992745.0,4906596.0,7172346.0,0.7,20084.0
TWR-0228,Cell Tower,Macro,Kwara,1,5.4,46.9,20528039.0,5938368.0,14903553.0,0.4,45846.0
TWR-0229,Cell Tower,Micro,Borno,14,6.5,20.6,9010141.0,6011636.0,7812658.0,0.8,20123.0
TWR-0230,Cell Tower,Small Cell,Imo,4,4.9,14.2,6204243.0,8371312.0,4802577.0,1.7,13856.0
TWR-0231,Cell Tower,Macro,Kaduna,9,6.0,50.0,21891171.0,6550549.0,16964798.0,0.4,48890.0
TWR-0232,Cell Tower,Macro,Katsina,6,6.3,48.8,21386197.0,7617024.0,16997777.0,0.4,47763.0
TWR-0233,Cell Tower,Macro,Anambra,13,5.0,45.7,20013062.0,4520687.0,15786815.0,0.3,44696.0
TWR-0234,Cell Tower,Macro,Kaduna,11,6.0,38.0,16655371.0,5127194.0,14972706.0,0.3,37197.0
TWR-0235,Cell Tower,Micro,Kwara,3,5.4,19.9,8711341.0,7514717.0,7048139.0,1.1,19455.0
TWR-0236,Cell Tower,Small Cell,Lagos,1,4.8,9.6,4193361.0,4264020.0,3009325.0,1.4,9365.0
TWR-0237,Cell Tower,Macro,Lagos,4,4.8,42.3,18535458.0,6432988.0,15224570.0,0.4,41396.0
TWR-0238,Cell Tower,Macro,Anambra,12,5.0,44.6,19526690.0,6996845.0,14260671.0,0.5,43610.0
TWR-0239,Cell Tower,Macro,Borno,13,6.5,49.8,21825629.0,7010728.0,15412987.0,0.5,48744.0
TWR-0240,Cell Tower,Micro,Kwara,9,5.4,17.1,7473450.0,4114664.0,6682373.0,0.6,16691.0
TWR-0241,Cell Tower,Macro,Anambra,3,5.0,50.4,22090563.0,5610540.0,18880976.0,0.3,49336.0
TWR-0242,Cell Tower,Macro,Rivers,12,4.6,47.7,20872531.0,7182453.0,18702242.0,0.4,46615.0
TWR-0243,Cell Tower,Small Cell,Sokoto,9,6.8,10.8,4732437.0,4744999.0,3765012.0,1.3,10569.0
TWR-0244,Cell Tower,Micro,Anambra,7,5.0,19.9,8698308.0,7477078.0,7014763.0,1.1,19426.0
TWR-0245,Cell Tower,Macro,Kano,12,6.2,42.4,18561629.0,7729626.0,13618062.0,0.6,41454.0
TWR-0246,Cell Tower,Micro,Kaduna,14,6.0,17.1,7499150.0,8909846.0,5619724.0,1.6,16748.0
TWR-0247,Cell Tower,Micro,Delta,4,4.7,27.2,11891830.0,5049210.0,10318658.0,0.5,26558.0
TWR-0248,Cell Tower,Macro,Enugu,3,5.2,49.6,21730422.0,8125653.0,16759308.0,0.5,48531.0
TWR-0249,Cell Tower,Macro,Borno,10,6.5,40.8,17862142.0,6601483.0,15457237.0,0.4,39892.0
TWR-0250,Cell Tower,Macro,Anambra,5,5.0,43.3,18983847.0,5867313.0,15980654.0,0.4,42397.0
TWR-0251,Cell Tower,Macro,Kwara,5,5.4,46.3,20279152.0,4611884.0,14913982.0,0.3,45290.0
TWR-0252,Cell Tower,Micro,Oyo,3,5.1,21.1,9242445.0,7677528.0,7407721.0,1.0,20641.0
TWR-0253,Cell Tower,Small Cell,Lagos,12,4.8,5.0,2190000.0,5179288.0,1829696.0,2.8,4891.0
TWR-0254,Cell Tower,Macro,Kano,9,6.2,43.0,18845687.0,5857110.0,14077868.0,0.4,42089.0
TWR-0255,Cell Tower,Macro,Imo,4,4.9,50.9,22273659.0,4312711.0,19292056.0,0.2,49745.0
TWR-0256,Cell Tower,Macro,Katsina,11,6.3,43.2,18934768.0,8006835.0,15317575.0,0.5,42288.0
TWR-0257,Cell Tower,Macro,Enugu,5,5.2,44.5,19495204.0,7832943.0,14290928.0,0.5,43539.0
TWR-0258,Cell Tower,Micro,Ogun,4,4.9,18.6,8131237.0,7668079.0,6639943.0,1.2,18160.0
TWR-0259,Cell Tower,Macro,Borno,5,6.5,46.8,20482321.0,5497218.0,18432916.0,0.3,45744.0
TWR-0260,Cell Tower,Macro,Delta,7,4.7,45.3,19861309.0,4867400.0,14500827.0,0.3,44357.0
TWR-0261,Cell Tower,Macro,Enugu,9,5.2,42.8,18734986.0,7187766.0,16174876.0,0.4,41841.0
TWR-0262,Cell Tower,Micro,Anambra,7,5.0,18.1,7921683.0,6480832.0,5873625.0,1.1,17692.0
TWR-0263,Cell Tower,Macro,Rivers,13,4.6,49.2,21555570.0,4891262.0,18461864.0,0.3,48141.0
TWR-0264,Cell Tower,Micro,Lagos,5,4.8,17.2,7526316.0,7429556.0,6374154.0,1.2,16809.0
TWR-0265,Cell Tower,Macro,Kwara,10,5.4,46.5,20372014.0,8955632.0,15484724.0,0.6,45497.0
TWR-0266,Cell Tower,Micro,Lagos,10,4.8,15.5,6805803.0,7736098.0,5207559.0,1.5,15200.0
TWR-0267,Cell Tower,Micro,Imo,7,4.9,24.1,10565276.0,7699932.0,9070335.0,0.8,23596.0
TWR-0268,Cell Tower,Macro,Rivers,14,4.6,47.9,20984973.0,8751564.0,16626165.0,0.5,46866.0
TWR-0269,Cell Tower,Macro,Katsina,10,6.3,48.3,21148546.0,5014682.0,17895130.0,0.3,47232.0
TWR-0270,Cell Tower,Micro,Kwara,5,5.4,21.5,9424172.0,6827750.0,6875846.0,1.0,21047.0
TWR-0271,Cell Tower,Small Cell,Kaduna,3,6.0,14.8,6461381.0,8898234.0,5624707.0,1.6,14430.0
TWR-0272,Cell Tower,Macro,Abuja,7,5.5,51.9,22742438.0,4826471.0,19153157.0,0.3,50791.0
TWR-0273,Cell Tower,Macro,Kano,13,6.2,44.0,19287387.0,7501260.0,16999682.0,0.4,43075.0
TWR-0274,Cell Tower,Small Cell,Lagos,11,4.8,8.6,3787379.0,6929051.0,2751434.0,2.5,8458.0
TWR-0275,Cell Tower,Macro,Oyo,11,5.1,45.4,19906019.0,6932395.0,16295125.0,0.4,44457.0
TWR-0276,Cell Tower,Macro,Lagos,2,4.8,43.6,19082328.0,7488353.0,15644153.0,0.5,42617.0
TWR-0277,Cell Tower,Small Cell,Enugu,12,5.2,8.1,3560235.0,8648085.0,2743845.0,3.2,7951.0
TWR-0278,Cell Tower,Macro,Lagos,9,4.8,43.4,19004726.0,7912910.0,15045914.0,0.5,42444.0
TWR-0279,Cell Tower,Macro,Borno,10,6.5,50.1,21964503.0,4280681.0,15542002.0,0.3,49054.0
TWR-0280,Cell Tower,Macro,Lagos,10,4.8,47.3,20724253.0,8263640.0,17598455.0,0.5,46284.0
TWR-0281,Cell Tower,Macro,Abuja,12,5.5,43.6,19078037.0,5127707.0,15450625.0,0.3,42608.0
TWR-0282,Cell Tower,Macro,Abuja,1,5.5,37.6,16483966.0,5884571.0,11729136.0,0.5,36814.0
TWR-0283,Cell Tower,Micro,Katsina,13,6.3,17.4,7606574.0,6308664.0,6360246.0,1.0,16988.0
TWR-0284,Cell Tower,Macro,Delta,6,4.7,46.5,20371506.0,6404530.0,16161865.0,0.4,45496.0
TWR-0285,Cell Tower,Macro,Kaduna,7,6.0,38.6,16922275.0,6175902.0,11962225.0,0.5,37793.0
TWR-0286,Cell Tower,Macro,Oyo,14,5.1,45.9,20094993.0,8686766.0,17963348.0,0.5,44879.0
TWR-0287,Cell Tower,Macro,Lagos,13,4.8,41.8,18309849.0,7530095.0,16292515.0,0.5,40892.0
TWR-0288,Cell Tower,Small Cell,Lagos,8,4.8,10.3,4500633.0,7155853.0,3612120.0,2.0,10051.0
TWR-0289,Cell Tower,Macro,Kano,10,6.2,45.2,19793907.0,4249210.0,14226564.0,0.3,44206.0
TWR-0290,Cell Tower,Macro,Kwara,9,5.4,45.4,19868455.0,8519567.0,16906550.0,0.5,44373.0
TWR-0291,Cell Tower,Micro,Abuja,2,5.5,20.8,9117730.0,8546951.0,7279470.0,1.2,20363.0
TWR-0292,Cell Tower,Macro,Oyo,11,5.1,43.7,19148547.0,7901065.0,14562269.0,0.5,42765.0
TWR-0293,Cell Tower,Macro,Katsina,10,6.3,42.8,18762881.0,4035146.0,14978101.0,0.3,41904.0
TWR-0294,Cell Tower,Macro,Imo,2,4.9,46.5,20345835.0,4286401.0,16367997.0,0.3,45439.0
TWR-0295,Cell Tower,Macro,Delta,5,4.7,47.4,20768023.0,5126119.0,16874898.0,0.3,46382.0
TWR-0296,Cell Tower,Macro,Kaduna,13,6.0,41.3,18108270.0,4656747.0,14273749.0,0.3,40442.0
TWR-0297,Cell Tower,Macro,Rivers,5,4.6,44.8,19642160.0,5994180.0,16129181.0,0.4,43867.0
TWR-0298,Cell Tower,Micro,Kaduna,6,6.0,22.6,9894309.0,8613115.0,8744065.0,1.0,22097.0
TWR-0299,Cell Tower,Macro,Borno,3,6.5,45.6,19951475.0,6360302.0,15411589.0,0.4,44558.0
TWR-0300,Cell Tower,Macro,Enugu,8,5.2,45.5,19929135.0,4067013.0,16842975.0,0.2,44508.0
TWR-0301,Cell Tower,Micro,Borno,13,6.5,20.8,9107726.0,5413728.0,8004694.0,0.7,20341.0
TWR-0302,Cell Tower,Macro,Lagos,1,4.8,45.8,20076646.0,4222975.0,15884559.0,0.3,44838.0
TWR-0303,Cell Tower,Micro,Ogun,6,4.9,23.9,10448090.0,4181438.0,8240316.0,0.5,23334.0
TWR-0304,Cell Tower,Macro,Delta,4,4.7,45.4,19895322.0,5378599.0,16322588.0,0.3,44433.0
TWR-0305,Cell Tower,Macro,Enugu,1,5.2,46.5,20374805.0,5378062.0,16672323.0,0.3,45504.0
TWR-0306,Cell Tower,Micro,Oyo,7,5.1,25.0,10937324.0,7935633.0,9420513.0,0.8,24427.0
TWR-0307,Cell Tower,Macro,Rivers,9,4.6,39.4,17277864.0,8874173.0,13741028.0,0.6,38587.0
TWR-0308,Cell Tower,Macro,Abuja,13,5.5,47.8,20949711.0,5856035.0,18838496.0,0.3,46788.0
TWR-0309,Cell Tower,Macro,Delta,4,4.7,46.0,20159950.0,6144434.0,14351754.0,0.4,45024.0
TWR-0310,Cell Tower,Macro,Delta,4,4.7,41.7,18249324.0,8223947.0,12786089.0,0.6,40757.0
TWR-0311,Cell Tower,Micro,Borno,6,6.5,24.4,10690447.0,5340695.0,8852114.0,0.6,23875.0
TWR-0312,Cell Tower,Macro,Ogun,12,4.9,43.8,19186606.0,4781909.0,14575815.0,0.3,42850.0
TWR-0313,Cell Tower,Macro,Lagos,3,4.8,44.2,19365776.0,8265448.0,14487082.0,0.6,43250.0
TWR-0314,Cell Tower,Macro,Anambra,13,5.0,43.5,19042909.0,4232503.0,14517929.0,0.3,42529.0
TWR-0315,Cell Tower,Micro,Katsina,12,6.3,22.9,10033352.0,7098497.0,7537150.0,0.9,22408.0
TWR-0316,Cell Tower,Macro,Borno,6,6.5,42.6,18678046.0,6809964.0,13189652.0,0.5,41714.0
TWR-0317,Cell Tower,Micro,Delta,7,4.7,24.7,10820538.0,5729602.0,9676878.0,0.6,24166.0
TWR-0318,Cell Tower,Macro,Sokoto,11,6.8,44.6,19527535.0,5575948.0,14531397.0,0.4,43611.0
TWR-0319,Cell Tower,Micro,Kano,10,6.2,20.9,9157438.0,7859289.0,7754573.0,1.0,20452.0
TWR-0320,Cell Tower,Small Cell,Rivers,10,4.6,12.3,5369279.0,4432123.0,4577414.0,1.0,11991.0
TWR-0321,Cell Tower,Micro,Katsina,3,6.3,21.0,9216102.0,5183922.0,8164098.0,0.6,20583.0
TWR-0322,Cell Tower,Micro,Borno,7,6.5,24.8,10881904.0,7662244.0,7683820.0,1.0,24303.0
TWR-0323,Cell Tower,Macro,Rivers,14,4.6,47.9,20997185.0,6741603.0,18360142.0,0.4,46894.0
TWR-0324,Cell Tower,Macro,Kano,3,6.2,41.0,17956068.0,4639941.0,14462629.0,0.3,40102.0
TWR-0325,Cell Tower,Macro,Imo,13,4.9,48.3,21167568.0,8410678.0,17495182.0,0.5,47274.0
TWR-0326,Cell Tower,Macro,Kano,13,6.2,40.6,17788885.0,5967239.0,14745101.0,0.4,39729.0
TWR-0327,Cell Tower,Macro,Ogun,2,4.9,48.5,21249457.0,8139342.0,18358671.0,0.4,47457.0
TWR-0328,Cell Tower,Macro,Kano,12,6.2,51.1,22375261.0,7938565.0,17154698.0,0.5,49971.0
TWR-0329,Cell Tower,Macro,Rivers,14,4.6,47.6,20859532.0,7122127.0,17659894.0,0.4,46586.0
TWR-0330,Cell Tower,Macro,Kaduna,10,6.0,38.5,16875727.0,6472406.0,13597037.0,0.5,37689.0
TWR-0331,Cell Tower,Micro,Rivers,4,4.6,25.2,11033525.0,8897754.0,9474254.0,0.9,24642.0
TWR-0332,Cell Tower,Macro,Anambra,12,5.0,51.7,22661413.0,4724825.0,20352424.0,0.2,50610.0
TWR-0333,Cell Tower,Micro,Lagos,8,4.8,21.1,9237816.0,7625779.0,6837187.0,1.1,20631.0
TWR-0334,Cell Tower,Micro,Enugu,13,5.2,21.9,9590400.0,4955954.0,8621096.0,0.6,21419.0
TWR-0335,Cell Tower,Small Cell,Kaduna,9,6.0,6.4,2818328.0,5691316.0,2023454.0,2.8,6294.0
TWR-0336,Cell Tower,Micro,Abuja,7,5.5,22.9,10046072.0,5543494.0,7036907.0,0.8,22436.0
TWR-0337,Cell Tower,Micro,Enugu,1,5.2,25.8,11303699.0,8735180.0,8012428.0,1.1,25245.0
TWR-0338,Cell Tower,Small Cell,Lagos,3,4.8,12.1,5296827.0,8836781.0,4069851.0,2.2,11830.0
TWR-0339,Cell Tower,Small Cell,Borno,13,6.5,19.4,8508545.0,4915077.0,7033004.0,0.7,19002.0
TWR-0340,Cell Tower,Macro,Katsina,12,6.3,45.1,19753398.0,4110176.0,14100092.0,0.3,44116.0
TWR-0341,Cell Tower,Macro,Anambra,14,5.0,40.1,17567295.0,7600040.0,12317013.0,0.6,39234.0
TWR-0342,Cell Tower,Macro,Anambra,9,5.0,45.5,19934656.0,6089950.0,17690377.0,0.3,44521.0
TWR-0343,Cell Tower,Macro,Abuja,12,5.5,37.8,16534782.0,4444201.0,14292423.0,0.3,36928.0
TWR-0344,Cell Tower,Micro,Kaduna,1,6.0,20.4,8935501.0,7418771.0,7700942.0,1.0,19956.0
TWR-0345,Cell Tower,Micro,Ogun,9,4.9,26.9,11770438.0,6725528.0,10321319.0,0.7,26287.0
TWR-0346,Cell Tower,Micro,Kwara,8,5.4,23.0,10063226.0,8902584.0,8453178.0,1.1,22475.0
TWR-0347,Cell Tower,Macro,Imo,1,4.9,45.5,19945754.0,5137047.0,14378511.0,0.4,44546.0
TWR-0348,Cell Tower,Micro,Kano,6,6.2,27.5,12028505.0,6019889.0,9380070.0,0.6,26864.0
TWR-0349,Cell Tower,Micro,Kaduna,5,6.0,21.2,9280432.0,6712729.0,7838530.0,0.9,20726.0
TWR-0350,Cell Tower,Micro,Katsina,6,6.3,25.8,11294032.0,7958500.0,8539044.0,0.9,25223.0
TWR-0351,Cell Tower,Small Cell,Imo,10,4.9,10.4,4549909.0,6744193.0,3810464.0,1.8,10161.0
TWR-0352,Cell Tower,Micro,Anambra,12,5.0,23.1,10135382.0,7064501.0,7144428.0,1.0,22636.0
TWR-0353,Cell Tower,Macro,Rivers,13,4.6,41.3,18110461.0,5130735.0,13786181.0,0.4,40447.0
TWR-0354,Cell Tower,Micro,Katsina,13,6.3,20.6,9002591.0,8234594.0,7290532.0,1.1,20106.0
TWR-0355,Cell Tower,Macro,Lagos,13,4.8,40.8,17873661.0,6143153.0,14771115.0,0.4,39918.0
TWR-0356,Cell Tower,Macro,Abuja,5,5.5,44.7,19584848.0,4704798.0,15969644.0,0.3,43739.0
TWR-0357,Cell Tower,Micro,Lagos,6,4.8,23.2,10148989.0,7320940.0,8520596.0,0.9,22666.0
TWR-0358,Cell Tower,Macro,Kwara,5,5.4,41.7,18251410.0,5080452.0,12798213.0,0.4,40761.0
TWR-0359,Cell Tower,Micro,Katsina,11,6.3,28.1,12328621.0,4487813.0,8878928.0,0.5,27534.0
TWR-0360,Cell Tower,Macro,Oyo,12,5.1,45.8,20075431.0,8309935.0,17541688.0,0.5,44835.0
TWR-0361,Cell Tower,Micro,Oyo,5,5.1,22.2,9711943.0,6300811.0,8122581.0,0.8,21690.0
TWR-0362,Cell Tower,Macro,Borno,4,6.5,47.3,20721330.0,7746419.0,14972950.0,0.5,46278.0
TWR-0363,Cell Tower,Small Cell,Kaduna,3,6.0,7.5,3290789.0,5452938.0,2857770.0,1.9,7349.0
TWR-0364,Cell Tower,Micro,Anambra,3,5.0,22.5,9850809.0,7934851.0,7372801.0,1.1,22000.0
TWR-0365,Cell Tower,Macro,Anambra,4,5.0,42.8,18768038.0,4559680.0,14932826.0,0.3,41915.0
TWR-0366,Cell Tower,Macro,Kano,9,6.2,49.7,21758105.0,5779867.0,15862514.0,0.4,48593.0
TWR-0367,Cell Tower,Small Cell,Kano,2,6.2,6.8,2988948.0,8890309.0,2516760.0,3.5,6675.0
TWR-0368,Cell Tower,Macro,Kano,9,6.2,45.2,19792999.0,7969949.0,16494909.0,0.5,44204.0
TWR-0369,Cell Tower,Macro,Rivers,1,4.6,46.0,20142721.0,6486280.0,14950381.0,0.4,44985.0
TWR-0370,Cell Tower,Macro,Enugu,14,5.2,46.2,20228801.0,5698887.0,17653273.0,0.3,45178.0
TWR-0371,Cell Tower,Macro,Delta,1,4.7,43.3,18946257.0,8360679.0,14783029.0,0.6,42313.0
TWR-0372,Cell Tower,Micro,Enugu,5,5.2,19.3,8459301.0,6724239.0,6416405.0,1.0,18892.0
TWR-0373,Cell Tower,Micro,Lagos,6,4.8,20.3,8891231.0,7792125.0,6494741.0,1.2,19857.0
TWR-0374,Cell Tower,Macro,Enugu,6,5.2,46.6,20404220.0,7770538.0,15369144.0,0.5,45569.0
TWR-0375,Cell Tower,Macro,Rivers,3,4.6,44.6,19520987.0,4089728.0,13750688.0,0.3,43597.0
TWR-0376,Cell Tower,Micro,Borno,7,6.5,24.4,10682218.0,4631269.0,8723650.0,0.5,23857.0
TWR-0377,Cell Tower,Macro,Lagos,9,4.8,46.4,20336783.0,7298147.0,17661401.0,0.4,45419.0
TWR-0378,Cell Tower,Macro,Enugu,11,5.2,38.2,16718137.0,4808099.0,13538282.0,0.4,37337.0
TWR-0379,Cell Tower,Small Cell,Rivers,12,4.6,10.7,4705212.0,5277467.0,3499995.0,1.5,10508.0
TWR-0380,Cell Tower,Micro,Delta,10,4.7,28.8,12593098.0,8733190.0,8899968.0,1.0,28125.0
TWR-0381,Cell Tower,Micro,Enugu,8,5.2,26.0,11377404.0,6800911.0,8452565.0,0.8,25410.0
TWR-0382,Cell Tower,Micro,Rivers,6,4.6,23.3,10190525.0,7753648.0,7981467.0,1.0,22759.0
TWR-0383,Cell Tower,Macro,Kwara,12,5.4,41.8,18317959.0,6789904.0,15605477.0,0.4,40910.0
TWR-0384,Cell Tower,Micro,Kano,8,6.2,23.4,10263506.0,6762568.0,7570039.0,0.9,22922.0
TWR-0385,Cell Tower,Macro,Kwara,12,5.4,47.2,20682031.0,4470760.0,17454772.0,0.3,46190.0
TWR-0386,Cell Tower,Macro,Anambra,5,5.0,44.2,19376577.0,5718316.0,16923244.0,0.3,43274.0
TWR-0387,Cell Tower,Macro,Kano,8,6.2,46.0,20126199.0,5412154.0,15915584.0,0.3,44949.0
TWR-0388,Cell Tower,Macro,Anambra,10,5.0,49.5,21693696.0,5953642.0,18749567.0,0.3,48449.0
TWR-0389,Cell Tower,Micro,Sokoto,12,6.8,19.4,8509541.0,7991721.0,6900655.0,1.2,19005.0
TWR-0390,Cell Tower,Macro,Abuja,4,5.5,41.8,18319394.0,5859663.0,15157800.0,0.4,40913.0
TWR-0391,Cell Tower,Macro,Kwara,10,5.4,47.1,20620207.0,6258484.0,16604539.0,0.4,46052.0
TWR-0392,Cell Tower,Macro,Abuja,8,5.5,46.4,20311211.0,5986907.0,16099367.0,0.4,45362.0
TWR-0393,Cell Tower,Macro,Abuja,10,5.5,48.1,21061894.0,4467040.0,15731775.0,0.3,47038.0
TWR-0394,Cell Tower,Micro,Delta,12,4.7,23.7,10384709.0,6205361.0,7899013.0,0.8,23193.0
TWR-0395,Cell Tower,Macro,Kano,2,6.2,43.3,18963970.0,4978046.0,14374576.0,0.3,42353.0
TWR-0396,Cell Tower,Micro,Sokoto,12,6.8,23.3,10203901.0,4933616.0,8292280.0,0.6,22789.0
TWR-0397,Cell Tower,Macro,Anambra,12,5.0,41.6,18209246.0,4470181.0,13183325.0,0.3,40667.0
TWR-0398,Cell Tower,Macro,Rivers,5,4.6,44.2,19381081.0,5783355.0,17120440.0,0.3,43284.0
TWR-0399,Cell Tower,Micro,Lagos,9,4.8,23.5,10296678.0,7787409.0,8691746.0,0.9,22996.0
TWR-0400,Cell Tower,Macro,Rivers,4,4.6,43.9,19236284.0,5382208.0,15009863.0,0.4,42961.0
TWR-0401,Cell Tower,Micro,Lagos,11,4.8,29.4,12879021.0,5561746.0,9423899.0,0.6,28763.0
TWR-0402,Cell Tower,Macro,Kwara,6,5.4,39.3,17223670.0,7213373.0,15094797.0,0.5,38466.0
TWR-0403,Cell Tower,Macro,Oyo,1,5.1,43.4,18990598.0,4979204.0,16422226.0,0.3,42412.0
TWR-0404,Cell Tower,Small Cell,Rivers,9,4.6,7.2,3147757.0,8484790.0,2657791.0,3.2,7030.0
TWR-0405,Cell Tower,Macro,Enugu,1,5.2,42.9,18789742.0,6600953.0,14173279.0,0.5,41964.0
TWR-0406,Cell Tower,Macro,Enugu,5,5.2,43.1,18865100.0,6238015.0,14724009.0,0.4,42132.0
TWR-0407,Cell Tower,Micro,Kaduna,4,6.0,18.0,7893083.0,6789101.0,5687358.0,1.2,17628.0
TWR-0408,Cell Tower,Macro,Kano,13,6.2,47.3,20699051.0,4830172.0,15271923.0,0.3,46228.0
TWR-0409,Cell Tower,Micro,Lagos,12,4.8,20.4,8917117.0,7067366.0,7638432.0,0.9,19915.0
TWR-0410,Cell Tower,Macro,Lagos,13,4.8,45.5,19924935.0,5815504.0,16796875.0,0.3,44499.0
TWR-0411,Cell Tower,Small Cell,Katsina,13,6.3,8.7,3808639.0,8485932.0,3118122.0,2.7,8506.0
TWR-0412,Cell Tower,Micro,Borno,14,6.5,19.9,8728183.0,4844271.0,7673342.0,0.6,19493.0
TWR-0413,Cell Tower,Micro,Kano,3,6.2,27.0,11833375.0,6535256.0,9663765.0,0.7,26428.0
TWR-0414,Cell Tower,Small Cell,Delta,13,4.7,12.8,5592733.0,6990563.0,4437238.0,1.6,12490.0
TWR-0415,Cell Tower,Macro,Kaduna,6,6.0,39.4,17255185.0,4166918.0,13253261.0,0.3,38537.0
TWR-0416,Cell Tower,Small Cell,Delta,2,4.7,5.0,2190000.0,5818466.0,1944916.0,3.0,4891.0
TWR-0417,Cell Tower,Macro,Kwara,3,5.4,48.1,21079988.0,7663176.0,15104720.0,0.5,47079.0
TWR-0418,Cell Tower,Macro,Kwara,5,5.4,43.4,19026913.0,8101888.0,16861221.0,0.5,42493.0
TWR-0419,Cell Tower,Macro,Delta,9,4.7,40.1,17543106.0,5565810.0,15180803.0,0.4,39180.0
TWR-0420,Cell Tower,Macro,Delta,2,4.7,48.1,21084096.0,7992966.0,15306758.0,0.5,47088.0
TWR-0421,Cell Tower,Macro,Sokoto,10,6.8,45.5,19932229.0,8838779.0,16204840.0,0.5,44515.0
TWR-0422,Cell Tower,Micro,Kano,8,6.2,22.8,9966564.0,8284370.0,8703896.0,1.0,22259.0
TWR-0423,Cell Tower,Micro,Delta,14,4.7,24.4,10699735.0,4588220.0,8713455.0,0.5,23896.0
TWR-0424,Cell Tower,Small Cell,Enugu,2,5.2,6.1,2658690.0,7698652.0,2343476.0,3.3,5938.0
TWR-0425,Cell Tower,Macro,Borno,11,6.5,40.1,17566208.0,5598334.0,15609276.0,0.4,39231.0
TWR-0426,Cell Tower,Micro,Borno,13,6.5,26.7,11713374.0,8942080.0,9188871.0,1.0,26160.0
TWR-0427,Cell Tower,Macro,Abuja,5,5.5,40.7,17821563.0,6426795.0,13819958.0,0.5,39801.0
TWR-0428,Cell Tower,Macro,Oyo,7,5.1,41.3,18103980.0,4612169.0,16063013.0,0.3,40432.0
TWR-0429,Cell Tower,Macro,Kwara,8,5.4,41.9,18366520.0,7625928.0,15336559.0,0.5,41019.0
TWR-0430,Cell Tower,Macro,Lagos,1,4.8,51.2,22443049.0,5615056.0,16230915.0,0.3,50123.0
TWR-0431,Cell Tower,Micro,Katsina,6,6.3,23.5,10284306.0,8985391.0,7286002.0,1.2,22968.0
TWR-0432,Cell Tower,Macro,Ogun,1,4.9,47.9,20978546.0,8898912.0,17054002.0,0.5,46852.0
TWR-0433,Cell Tower,Macro,Lagos,2,4.8,45.6,19967764.0,7280670.0,17692122.0,0.4,44595.0
TWR-0434,Cell Tower,Macro,Oyo,1,5.1,43.2,18919120.0,4649132.0,16437873.0,0.3,42253.0
TWR-0435,Cell Tower,Macro,Katsina,11,6.3,46.9,20539517.0,7434305.0,17153979.0,0.4,45872.0
TWR-0436,Cell Tower,Macro,Sokoto,5,6.8,40.3,17664607.0,4465152.0,12856710.0,0.3,39451.0
TWR-0437,Cell Tower,Small Cell,Kano,10,6.2,6.7,2940798.0,4146821.0,2208087.0,1.9,6568.0
TWR-0438,Cell Tower,Macro,Rivers,9,4.6,47.2,20673129.0,8114792.0,18091102.0,0.4,46170.0
TWR-0439,Cell Tower,Macro,Kano,6,6.2,40.9,17926567.0,5048765.0,13204018.0,0.4,40036.0
TWR-0440,Cell Tower,Macro,Lagos,11,4.8,44.4,19461547.0,5895136.0,14706855.0,0.4,43464.0
TWR-0441,Cell Tower,Micro,Lagos,11,4.8,21.6,9447425.0,8867287.0,6858076.0,1.3,21099.0
TWR-0442,Cell Tower,Small Cell,Katsina,1,6.3,8.4,3685338.0,5684203.0,3078074.0,1.8,8231.0
TWR-0443,Cell Tower,Micro,Katsina,13,6.3,16.1,7072230.0,5482449.0,6285773.0,0.9,15795.0
TWR-0444,Cell Tower,Micro,Kwara,1,5.4,20.1,8809587.0,8591040.0,6640611.0,1.3,19675.0
TWR-0445,Cell Tower,Macro,Sokoto,2,6.8,42.5,18625992.0,4553742.0,14809178.0,0.3,41598.0
TWR-0446,Cell Tower,Macro,Kwara,9,5.4,45.5,19922132.0,7797912.0,16472972.0,0.5,44493.0
TWR-0447,Cell Tower,Small Cell,Oyo,3,5.1,10.3,4525185.0,8940328.0,4072183.0,2.2,10106.0
TWR-0448,Cell Tower,Micro,Delta,1,4.7,23.1,10132641.0,8506480.0,7305245.0,1.2,22630.0
TWR-0449,Cell Tower,Micro,Kano,5,6.2,20.0,8747754.0,7258340.0,6995703.0,1.0,19537.0
TWR-0450,Cell Tower,Micro,Katsina,7,6.3,23.6,10322930.0,5570304.0,8021165.0,0.7,23055.0
TWR-0451,Cell Tower,Micro,Anambra,6,5.0,17.3,7591407.0,5271610.0,6628544.0,0.8,16954.0
TWR-0452,Cell Tower,Micro,Oyo,12,5.1,16.5,7242017.0,8096276.0,5758805.0,1.4,16174.0
TWR-0453,Cell Tower,Small Cell,Enugu,1,5.2,5.0,2190000.0,8399110.0,1581608.0,5.3,4891.0
TWR-0454,Cell Tower,Small Cell,Sokoto,5,6.8,8.5,3723923.0,6627175.0,3079256.0,2.2,8317.0
TWR-0455,Cell Tower,Micro,Lagos,5,4.8,19.7,8646166.0,5221700.0,7385176.0,0.7,19310.0
TWR-0456,Cell Tower,Micro,Kwara,6,5.4,24.4,10673161.0,4564716.0,7477363.0,0.6,23837.0
TWR-0457,Cell Tower,Macro,Oyo,3,5.1,43.1,18857657.0,4435897.0,16439942.0,0.3,42115.0
TWR-0458,Cell Tower,Micro,Ogun,5,4.9,22.8,9995217.0,7595387.0,7368520.0,1.0,22323.0
TWR-0459,Cell Tower,Macro,Kano,7,6.2,47.4,20778672.0,6100594.0,16839324.0,0.4,46406.0
TWR-0460,Cell Tower,Macro,Katsina,5,6.3,42.9,18808177.0,8526799.0,14729802.0,0.6,42005.0
TWR-0461,Cell Tower,Small Cell,Lagos,5,4.8,10.9,4771641.0,7698357.0,4026934.0,1.9,10657.0
TWR-0462,Cell Tower,Macro,Rivers,5,4.6,48.0,21026533.0,4956302.0,16279421.0,0.3,46959.0
TWR-0463,Cell Tower,Macro,Ogun,10,4.9,41.3,18083054.0,7068887.0,15803733.0,0.4,40385.0
TWR-0464,Cell Tower,Macro,Sokoto,10,6.8,45.1,19742656.0,6177527.0,16704247.0,0.4,44092.0
TWR-0465,Cell Tower,Macro,Oyo,3,5.1,43.0,18813807.0,6886249.0,15606855.0,0.4,42018.0
TWR-0466,Cell Tower,Micro,Kaduna,1,6.0,18.5,8092720.0,7690346.0,6953655.0,1.1,18074.0
TWR-0467,Cell Tower,Macro,Lagos,5,4.8,40.4,17691102.0,8030979.0,15051671.0,0.5,39510.0
TWR-0468,Cell Tower,Macro,Kano,14,6.2,41.4,18145488.0,8218687.0,12832266.0,0.6,40525.0
TWR-0469,Cell Tower,Macro,Abuja,9,5.5,45.2,19788878.0,5269874.0,15414485.0,0.3,44195.0
TWR-0470,Cell Tower,Micro,Anambra,14,5.0,17.2,7519350.0,4155578.0,6663359.0,0.6,16793.0
TWR-0471,Cell Tower,Micro,Imo,1,4.9,20.3,8912345.0,7696474.0,6462741.0,1.2,19904.0
TWR-0472,Cell Tower,Macro,Ogun,3,4.9,47.4,20778537.0,4531719.0,17608134.0,0.3,46405.0
TWR-0473,Cell Tower,Macro,Delta,13,4.7,46.3,20300000.0,5574598.0,18166843.0,0.3,45337.0
TWR-0474,Cell Tower,Macro,Imo,13,4.9,43.4,19012913.0,4019086.0,13507529.0,0.3,42462.0
TWR-0475,Cell Tower,Micro,Kano,4,6.2,27.1,11856253.0,7408347.0,9917030.0,0.7,26479.0
TWR-0476,Cell Tower,Micro,Enugu,14,5.2,27.7,12123450.0,4835660.0,9621544.0,0.5,27076.0
TWR-0477,Cell Tower,Macro,Kwara,1,5.4,45.1,19744325.0,7276412.0,16108112.0,0.5,44096.0
TWR-0478,Cell Tower,Macro,Enugu,1,5.2,37.6,16466335.0,8958713.0,11807486.0,0.8,36775.0
TWR-0479,Cell Tower,Macro,Abuja,8,5.5,47.7,20874793.0,4363354.0,14791907.0,0.3,46620.0
TWR-0480,Cell Tower,Micro,Ogun,2,4.9,15.1,6621715.0,4385390.0,5518361.0,0.8,14788.0
TWR-0481,Cell Tower,Macro,Delta,12,4.7,49.4,21649656.0,5701900.0,18719632.0,0.3,48351.0
TWR-0482,Cell Tower,Macro,Kaduna,8,6.0,48.3,21133831.0,8331933.0,18099077.0,0.5,47199.0
TWR-0483,Cell Tower,Macro,Abuja,7,5.5,50.3,22041315.0,5077649.0,17826159.0,0.3,49226.0
TWR-0484,Cell Tower,Macro,Ogun,10,4.9,45.8,20051989.0,5801889.0,14436898.0,0.4,44783.0
TWR-0485,Cell Tower,Micro,Borno,10,6.5,20.9,9161139.0,4342527.0,7673452.0,0.6,20460.0
TWR-0486,Cell Tower,Macro,Imo,2,4.9,43.6,19118567.0,7815776.0,14307911.0,0.5,42698.0
TWR-0487,Cell Tower,Micro,Abuja,6,5.5,20.4,8918214.0,6041532.0,7867771.0,0.8,19917.0
TWR-0488,Cell Tower,Micro,Imo,6,4.9,24.9,10925124.0,7796244.0,9479218.0,0.8,24399.0
TWR-0489,Cell Tower,Macro,Lagos,3,4.8,47.1,20645925.0,8518039.0,17381321.0,0.5,46109.0
TWR-0490,Cell Tower,Macro,Enugu,11,5.2,45.4,19867976.0,5163816.0,17677913.0,0.3,44372.0
TWR-0491,Cell Tower,Micro,Lagos,2,4.8,19.8,8687054.0,8036980.0,6135530.0,1.3,19401.0
TWR-0492,Cell Tower,Macro,Anambra,12,5.0,52.9,23164785.0,4295469.0,19626135.0,0.2,51735.0
TWR-0493,Cell Tower,Macro,Borno,1,6.5,47.7,20908860.0,8494237.0,16017202.0,0.5,46696.0
TWR-0494,Cell Tower,Small Cell,Delta,6,4.7,5.2,2280607.0,7253843.0,2009701.0,3.6,5093.0
TWR-0495,Cell Tower,Macro,Kaduna,12,6.0,43.5,19031640.0,8371134.0,14337201.0,0.6,42504.0
TWR-0496,Cell Tower,Macro,Sokoto,5,6.8,47.8,20934354.0,4000942.0,17688928.0,0.2,46753.0
TWR-0497,Cell Tower,Macro,Imo,14,4.9,42.6,18659406.0,4845405.0,16336858.0,0.3,41673.0
TWR-0498,Cell Tower,Small Cell,Kaduna,14,6.0,11.1,4841934.0,5948797.0,3429694.0,1.7,10814.0
TWR-0499,Cell Tower,Macro,Imo,11,4.9,47.9,20959346.0,5897515.0,16338429.0,0.4,46809.0
TWR-0500,Cell Tower,Macro,Kano,9,6.2,34.8,15257605.0,5133652.0,13006526.0,0.4,34075.0
OFF-001,Office/Facility,Retail Store,Delta,1,4.7,6.4,2816393.0,2362943.0,2290927.0,1.0,6290.0
OFF-002,Office/Facility,Regional Office,Sokoto,17,6.8,104.3,45683623.0,45991608.0,37160230.0,1.2,102027.0
OFF-003,Office/Facility,Regional Office,Enugu,8,5.2,50.1,21934621.0,23265571.0,17842183.0,1.3,48987.0
OFF-004,Office/Facility,Regional Office,Katsina,19,6.3,76.5,33524708.0,28755376.0,27269857.0,1.1,74872.0
OFF-005,Office/Facility,Retail Store,Sokoto,1,6.8,9.6,4205532.0,5776994.0,3420887.0,1.7,9392.0
OFF-006,Office/Facility,Retail Store,Borno,5,6.5,12.7,5550637.0,5120049.0,4515030.0,1.1,12396.0
OFF-007,Office/Facility,Regional Office,Katsina,16,6.3,38.9,17046210.0,16282933.0,13865824.0,1.2,38070.0
OFF-008,Office/Facility,Data Centre,Lagos,6,4.8,24.1,10554932.0,10081138.0,8585652.0,1.2,23573.0
OFF-009,Office/Facility,Data Centre,Lagos,8,4.8,11.8,5189129.0,4795635.0,4220970.0,1.1,11589.0
OFF-010,Office/Facility,Regional Office,Borno,13,6.5,102.1,44708110.0,37531874.0,36366723.0,1.0,99848.0
OFF-011,Office/Facility,Retail Store,Sokoto,16,6.8,9.2,4013149.0,4753889.0,3264398.0,1.5,8963.0
OFF-012,Office/Facility,Data Centre,Abuja,3,5.5,10.0,4369214.0,5977440.0,3554031.0,1.7,9758.0
OFF-013,Office/Facility,Data Centre,Borno,19,6.5,20.4,8930908.0,8231466.0,7264629.0,1.1,19946.0
OFF-014,Office/Facility,Retail Store,Ogun,12,4.9,6.6,2886063.0,3295382.0,2347598.0,1.4,6446.0
OFF-015,Office/Facility,Regional Office,Katsina,16,6.3,118.1,51725652.0,61710538.0,42074971.0,1.5,115521.0
OFF-016,Office/Facility,Retail Store,Katsina,11,6.3,11.8,5179130.0,6577433.0,4212837.0,1.6,11567.0
OFF-017,Office/Facility,Retail Store,Delta,10,4.7,3.1,1337052.0,1349995.0,1087592.0,1.2,2986.0
OFF-018,Office/Facility,Retail Store,Anambra,4,5.0,12.7,5548761.0,5297246.0,4513505.0,1.2,12392.0
OFF-019,Office/Facility,Retail Store,Rivers,12,4.6,7.5,3267474.0,3151445.0,2657847.0,1.2,7297.0
OFF-020,Office/Facility,Retail Store,Kano,2,6.2,6.4,2782913.0,3265735.0,2263693.0,1.4,6215.0
OFF-021,Office/Facility,Retail Store,Katsina,19,6.3,9.6,4221195.0,5260078.0,3433628.0,1.5,9427.0
OFF-022,Office/Facility,Retail Store,Enugu,5,5.2,15.6,6814257.0,6164965.0,5542892.0,1.1,15219.0
OFF-023,Office/Facility,Retail Store,Borno,8,6.5,14.7,6439638.0,6344123.0,5238166.0,1.2,14382.0
OFF-024,Office/Facility,Retail Store,Imo,7,4.9,7.5,3263683.0,4283638.0,2654763.0,1.6,7289.0
OFF-025,Office/Facility,Retail Store,Kwara,14,5.4,5.7,2479194.0,3070951.0,2016640.0,1.5,5537.0
OFF-026,Office/Facility,Regional Office,Anambra,3,5.0,89.8,39322152.0,54435459.0,31985646.0,1.7,87819.0
OFF-027,Office/Facility,Regional Office,Katsina,18,6.3,47.2,20691202.0,24859997.0,16830754.0,1.5,46210.0
OFF-028,Office/Facility,Regional Office,Borno,16,6.5,96.6,42304357.0,42117117.0,34411448.0,1.2,94480.0
OFF-029,Office/Facility,Retail Store,Oyo,19,5.1,6.4,2802837.0,3078984.0,2279900.0,1.4,6260.0
OFF-030,Office/Facility,Retail Store,Anambra,19,5.0,9.5,4139973.0,4721903.0,3367560.0,1.4,9246.0
OFF-031,Office/Facility,Retail Store,Abuja,18,5.5,6.4,2802619.0,2427557.0,2279722.0,1.1,6259.0
OFF-032,Office/Facility,Retail Store,Kano,16,6.2,4.6,2012420.0,2158530.0,1636954.0,1.3,4494.0
OFF-033,Office/Facility,Retail Store,Kaduna,8,6.0,12.0,5262327.0,6163932.0,4280511.0,1.4,11753.0
OFF-034,Office/Facility,Regional Office,Kaduna,1,6.0,42.2,18501410.0,16635955.0,15049521.0,1.1,41320.0
OFF-035,Office/Facility,Retail Store,Delta,17,4.7,7.3,3189871.0,3891365.0,2594723.0,1.5,7124.0
OFF-036,Office/Facility,Retail Store,Delta,12,4.7,4.8,2119349.0,2319815.0,1723933.0,1.3,4733.0
OFF-037,Office/Facility,Retail Store,Abuja,11,5.5,2.2,971862.0,1317024.0,790538.0,1.7,2170.0
OFF-038,Office/Facility,Regional Office,Imo,5,4.9,34.8,15243309.0,13009776.0,12399298.0,1.0,34043.0
OFF-039,Office/Facility,Retail Store,Delta,12,4.7,5.0,2203573.0,2068289.0,1792443.0,1.2,4921.0
OFF-040,Office/Facility,Retail Store,Rivers,17,4.6,12.2,5322241.0,5880228.0,4329248.0,1.4,11886.0
OFF-041,Office/Facility,Retail Store,Katsina,6,6.3,6.4,2793861.0,2659508.0,2272598.0,1.2,6240.0
OFF-042,Office/Facility,Retail Store,Kano,1,6.2,12.3,5398522.0,6341535.0,4391296.0,1.4,12057.0
OFF-043,Office/Facility,Retail Store,Sokoto,5,6.8,8.2,3576183.0,4308441.0,2908959.0,1.5,7987.0
OFF-044,Office/Facility,Regional Office,Borno,14,6.5,91.6,40110438.0,35091304.0,32626858.0,1.1,89580.0
OFF-045,Office/Facility,Retail Store,Sokoto,5,6.8,9.3,4071744.0,4299988.0,3312061.0,1.3,9094.0
OFF-046,Office/Facility,Retail Store,Abuja,1,5.5,8.6,3750221.0,3950569.0,3050526.0,1.3,8375.0
OFF-047,Office/Facility,Retail Store,Lagos,18,4.8,12.3,5368697.0,5284945.0,4367035.0,1.2,11990.0
OFF-048,Office/Facility,Retail Store,Borno,16,6.5,4.5,1987051.0,2659604.0,1616318.0,1.6,4438.0
OFF-049,Office/Facility,Data Centre,Borno,9,6.5,16.5,7240492.0,9080325.0,5889602.0,1.5,16170.0
OFF-050,Office/Facility,Regional Office,Oyo,19,5.1,118.3,51835275.0,60308420.0,42164141.0,1.4,115765.0
OFF-051,Office/Facility,Retail Store,Abuja,5,5.5,12.3,5380033.0,6319472.0,4376257.0,1.4,12015.0
OFF-052,Office/Facility,Retail Store,Abuja,2,5.5,13.4,5852408.0,6022375.0,4760499.0,1.3,13070.0
OFF-053,Office/Facility,Retail Store,Kaduna,15,6.0,5.9,2570478.0,3414507.0,2090892.0,1.6,5741.0
OFF-054,Office/Facility,Regional Office,Enugu,7,5.2,106.2,46514453.0,54039487.0,37836048.0,1.4,103882.0
OFF-055,Office/Facility,Retail Store,Sokoto,4,6.8,7.2,3147827.0,3728083.0,2560523.0,1.5,7030.0
OFF-056,Office/Facility,Retail Store,Imo,1,4.9,6.9,3003241.0,3844963.0,2442913.0,1.6,6707.0
OFF-057,Office/Facility,Retail Store,Enugu,13,5.2,5.4,2367273.0,2230669.0,1925601.0,1.2,5287.0
OFF-058,Office/Facility,Data Centre,Kwara,7,5.4,22.5,9871092.0,12229938.0,8029399.0,1.5,22045.0
OFF-059,Office/Facility,Retail Store,Rivers,15,4.6,5.3,2338789.0,2128450.0,1902431.0,1.1,5223.0
OFF-060,Office/Facility,Retail Store,Ogun,14,4.9,6.9,3009954.0,2930079.0,2448374.0,1.2,6722.0
OFF-061,Office/Facility,Regional Office,Kwara,19,5.4,137.0,60010284.0,58155138.0,48813903.0,1.2,134023.0
OFF-062,Office/Facility,Retail Store,Lagos,18,4.8,3.7,1627666.0,2243874.0,1323985.0,1.7,3635.0
OFF-063,Office/Facility,Retail Store,Borno,10,6.5,2.7,1171138.0,1494673.0,952634.0,1.6,2616.0
OFF-064,Office/Facility,Retail Store,Kaduna,9,6.0,2.9,1271686.0,1482818.0,1034422.0,1.4,2840.0
OFF-065,Office/Facility,Retail Store,Lagos,8,4.8,12.1,5315251.0,6288207.0,4323562.0,1.5,11871.0
OFF-066,Office/Facility,Regional Office,Borno,10,6.5,82.2,36002558.0,38966710.0,29285403.0,1.3,80406.0
OFF-067,Office/Facility,Regional Office,Rivers,17,4.6,56.8,24870385.0,33591875.0,20230209.0,1.7,55544.0
OFF-068,Office/Facility,Retail Store,Enugu,2,5.2,12.2,5323117.0,5572142.0,4329960.0,1.3,11888.0
OFF-069,Office/Facility,Data Centre,Abuja,6,5.5,35.7,15629319.0,15467072.0,12713289.0,1.2,34905.0
OFF-070,Office/Facility,Retail Store,Delta,5,4.7,7.5,3268474.0,2933531.0,2658661.0,1.1,7300.0
OFF-071,Office/Facility,Data Centre,Sokoto,9,6.8,25.3,11100568.0,13585772.0,9029486.0,1.5,24791.0
OFF-072,Office/Facility,Retail Store,Delta,5,4.7,10.3,4505895.0,5353001.0,3665210.0,1.5,10063.0
OFF-073,Office/Facility,Retail Store,Katsina,18,6.3,10.8,4751785.0,4710986.0,3865224.0,1.2,10612.0
OFF-074,Office/Facility,Retail Store,Anambra,9,5.0,5.2,2286701.0,1938054.0,1860061.0,1.0,5107.0
OFF-075,Office/Facility,Retail Store,Oyo,17,5.1,10.7,4696353.0,5930459.0,3820134.0,1.6,10489.0
OFF-076,Office/Facility,Retail Store,Imo,17,4.9,11.0,4833674.0,4074020.0,3931834.0,1.0,10795.0
OFF-077,Office/Facility,Retail Store,Rivers,12,4.6,5.2,2277596.0,2659474.0,1852655.0,1.4,5087.0
OFF-078,Office/Facility,Regional Office,Oyo,7,5.1,57.4,25135200.0,34463688.0,20445616.0,1.7,56135.0
OFF-079,Office/Facility,Retail Store,Katsina,3,6.3,2.9,1287594.0,1309534.0,1047362.0,1.3,2876.0
OFF-080,Office/Facility,Retail Store,Katsina,10,6.3,4.5,1951624.0,1807260.0,1587501.0,1.1,4359.0
